Time,Voltage
0.0,0.0045429418700418675
0.0001,-0.029644451451980778
0.0002,0.004420519074400754
0.00030000000000000003,0.02038005405101442
0.0004,0.02211140376644789
0.0005,0.006743832786302077
0.0006000000000000001,-0.014440358431240963
0.0007,0.009481542391164374
0.0008,-0.030903975338167668
0.0009000000000000001,0.0037665842753396837
0.001,0.035433098214661306
0.0011,0.00896763868693751
0.0012000000000000001,0.0047497745130039145
0.0013000000000000002,0.018451315261921324
0.0014,-0.005575127730474706
0.0015,0.014081475305125359
0.0016,0.03285502341116121
0.0017000000000000001,-0.006139517686038503
0.0018000000000000002,0.00686607304256176
0.0019,0.013980599554055022
0.002,-0.026780544405572516
0.0021000000000000003,0.008805560727539293
0.0022,0.0625755862382811
0.0023,0.005657233465997075
0.0024000000000000002,0.011126043314313449
0.0025,0.01887602543733751
0.0026000000000000003,0.005763881018340947
0.0027,0.03554061858864794
0.0028,-0.043403824260754904
0.0029000000000000002,0.035873197126456875
0.003,-0.02038220413748324
0.0031000000000000003,-0.004960722521095791
0.0032,-0.018933077525188434
0.0033,0.00424773556213042
0.0034000000000000002,0.01957503916465464
0.0035,-8.327001065142232e-05
0.0036000000000000003,-0.012801531829118128
0.0037,0.017763134639408894
0.0038,-0.0017274255874289253
0.0039000000000000003,-0.020814221650061502
0.004,-0.030301112149011725
0.0041,0.038801228926797854
0.004200000000000001,-0.00671415286222067
0.0043,-0.050054811471364875
0.0044,0.0010422992786372903
0.0045000000000000005,-0.005087237604843493
0.0046,0.037677720101695636
0.0047,0.015740313783631686
0.0048000000000000004,0.010183432344418465
0.0049,0.02065118527002899
0.005,-0.030258234240258242
0.0051,0.0019911878924465326
0.005200000000000001,-0.002508766982226916
0.0053,0.031006641347554063
0.0054,-0.04418284941281353
0.0055000000000000005,0.012727854973913485
0.0056,0.03778374164901184
0.0057,-0.00737989525248765
0.0058000000000000005,-0.022862893491114693
0.0059,0.0086375974033741
0.006,0.033268919677396966
0.0061,0.04626742106826894
0.006200000000000001,-0.01560435042503096
0.0063,0.025235322382995126
0.0064,0.009945241416828258
0.006500000000000001,0.006453673823110817
0.0066,0.03915343682871802
0.0067,0.0002919309449855752
0.0068000000000000005,0.02867755612533063
0.006900000000000001,0.007675414819683351
0.007,0.03403729335352748
0.0071,0.0013352068606168385
0.007200000000000001,0.04380886064102896
0.0073,-0.0018875268131931314
0.0074,0.025429950232710642
0.007500000000000001,0.021532290164355226
0.0076,0.040112324769455844
0.0077,0.02476362188684461
0.0078000000000000005,0.008306503987680049
0.0079,0.04148236099302034
,
0.0081,0.02349685631401602
0.0082,-0.003285437484734477
0.0083,0.030534979964468578
0.008400000000000001,-0.0028955127943295165
0.0085,0.01223045919764821
0.0086,0.0029232215201603177
0.008700000000000001,0.012504322669033247
0.0088,-0.014240656833245319
0.0089,0.01558119310420018
0.009000000000000001,-0.013314978532090887
0.0091,0.007135411363980604
0.0092,0.0067123277669085815
0.009300000000000001,0.013239309819545507
0.0094,-0.016430072564913276
0.0095,0.022494024858934522
0.009600000000000001,0.01654188794670369
0.0097,0.030498480795566836
0.0098,-0.00025277344676894603
0.0099,0.033678397325770014
0.01,0.036424060921083724
0.010100000000000001,-0.009892838219650958
0.0102,0.005338813653271759
0.0103,0.010825077004985709
0.010400000000000001,-0.033946149512424584
0.0105,0.029320643426012094
0.0106,0.028921958014896422
0.010700000000000001,0.046980969902002616
0.0108,0.035225370853164115
0.0109,0.031145332378818693
0.011000000000000001,0.0022227242284691678
0.0111,0.04353777711629031
0.0112,0.017983297173100894
0.011300000000000001,0.03898576078389946
0.0114,0.04540208261457668
0.0115,0.011564111763288726
0.011600000000000001,0.017018468044346355
0.0117,-0.01266669714238269
0.0118,0.040626736259467305
0.0119,0.019935708804388958
0.012,0.04672314943657191
0.012100000000000001,0.01207287034901132
0.0122,0.005171917054877307
0.0123,0.007861283254172015
0.012400000000000001,-0.006250875415107306
0.0125,0.05383993889558826
0.0126,0.03615367084121145
0.012700000000000001,0.008671659885301199
0.0128,0.017629298261858356
0.0129,0.042934799576251556
0.013000000000000001,-0.03681496197493481
0.0131,0.025441005643727158
0.0132,0.021837317265224265
0.013300000000000001,0.048386564588994804
0.0134,0.027294334764709258
0.0135,0.029988359486094067
0.013600000000000001,0.011786262057164754
0.0137,0.024368107457537265
0.013800000000000002,0.037860647815265006
0.013900000000000001,0.05896593350398743
0.014,0.04707974186064884
0.014100000000000001,-0.022305498331129377
0.0142,0.0356104280632592
0.0143,0.04887479336803392
0.014400000000000001,0.022932087462882545
0.0145,0.008446577022824978
0.0146,0.010822267125554924
0.014700000000000001,0.018560903564433684
0.0148,0.012426213140779777
0.0149,-0.005797901190409401
0.015000000000000001,0.04904127175242875
0.0151,0.010221094182045172
0.0152,0.03845183090527485
0.015300000000000001,0.02196251838035705
0.0154,0.033179898751350106
0.0155,0.016930609105719346
0.015600000000000001,0.04399157338738892
0.015700000000000002,0.038383938643715754
0.0158,0.07416622077476936
0.0159,-0.010896999965290956
0.016,-0.023293073734732404
0.0161,0.010441942019728482
0.0162,0.028311353736165192
0.016300000000000002,0.024679283167130927
0.0164,0.014265053083081281
0.0165,0.9633732916382479
0.0166,0.9007902354688757
0.0167,0.9324888650412669
0.016800000000000002,0.8729822107651678
0.016900000000000002,0.864573431748083
0.017,0.8282513675435768
0.0171,0.8171153394536246
0.0172,0.8022311834298816
0.0173,0.7761580958997579
0.017400000000000002,0.7789369203889052
0.0175,0.7752407266111001
0.0176,0.758196683288608
0.0177,0.7530415784508783
0.0178,0.7671987625416793
0.0179,0.7255909389376904
0.018000000000000002,0.7549628631712527
0.0181,0.6880654860007027
0.0182,0.6481757165961887
0.0183,0.6612415394626064
0.0184,0.64366096620429
0.018500000000000003,0.5992840110820999
0.018600000000000002,0.6046246236420428
0.0187,0.5809530501343512
0.0188,0.607227723527246
0.0189,0.600689849089025
0.019,0.5785883500491528
0.019100000000000002,0.5674080453740913
0.019200000000000002,0.5913195906272463
0.0193,0.5342365821933382
0.0194,0.5187866636717462
0.0195,0.5309676732094956
0.0196,0.52921007204122
0.019700000000000002,0.5291895537862281
0.0198,0.5215643396438674
0.0199,0.44225801988758195
0.02,0.49549942974934175
0.0201,0.4724059169559985
0.020200000000000003,0.45277060716488715
0.020300000000000002,0.4901393716311556
0.0204,0.4463010167702169
0.0205,0.42938803428874706
0.0206,0.3872265408657458
0.0207,0.4352703930187991
0.020800000000000003,0.42944879748438963
0.020900000000000002,0.3844634071707756
0.021,0.4248138874644604
0.0211,0.4147328044628098
0.0212,0.3927680560951928
0.0213,0.3514695582197052
0.021400000000000002,0.3938639904566622
0.021500000000000002,0.3900805547122757
0.0216,0.35227874117393887
0.0217,0.34912894146067036
0.0218,0.3527905633988154
0.0219,0.30821799898590735
0.022000000000000002,0.34065361794682825
0.0221,0.3303415891548448
0.0222,0.33494975620380757
0.0223,0.27998824222287483
0.0224,0.32525670301746473
0.022500000000000003,0.292602648181343
0.022600000000000002,0.3144099474480677
0.0227,0.32649453398288075
0.0228,0.27820580710512616
0.0229,0.3014308363833443
0.023,0.25840865672728763
0.023100000000000002,0.2854450576222851
0.023200000000000002,0.26531190294106344
0.0233,0.26194979043046623
0.0234,0.23596502148433865
0.0235,0.2870997389814579
0.0236,0.2321591150053857
0.023700000000000002,0.2915906659257804
0.0238,0.21560893184064844
0.0239,0.24438446341924971
0.024,0.2713304736832909
0.0241,0.24287484390424666
0.024200000000000003,0.24245427948332987
0.024300000000000002,0.20209792402149768
0.0244,0.22575640612516562
0.0245,0.19857253418975465
0.0246,0.21294478059977698
0.0247,0.19893688301457102
0.024800000000000003,0.19739983306201275
0.024900000000000002,0.198003120309068
0.025,0.204059529880986
0.0251,0.20332121370002415
0.0252,0.23162836336409154
0.0253,0.1687422540365029
0.025400000000000002,0.20093378239461832
0.025500000000000002,0.21558731554479307
0.0256,0.15341062833088093
0.0257,0.18079482080821582
0.0258,0.18169277488071084
0.025900000000000003,0.16973800775814063
0.026000000000000002,0.18160896392260237
0.0261,0.19007285978296168
0.0262,0.18552557289479116
0.0263,0.1574442699944635
0.0264,0.15045775420048976
0.026500000000000003,0.16995137421444462
0.026600000000000002,0.1564573202302015
0.0267,0.1487367205483889
0.0268,0.1697626095419674
0.0269,0.14620157642957823
0.027,0.1534728244459899
0.027100000000000003,0.18893610573465067
0.027200000000000002,0.14749249899333725
0.0273,0.14113688384541065
0.0274,0.15146627130801818
0.0275,0.1290612011778817
0.027600000000000003,0.14316444272057544
0.027700000000000002,0.18067790004734266
0.027800000000000002,0.08689663856897828
0.0279,0.13847416145888147
0.028,0.11711718969450771
0.0281,0.13258438257096228
0.028200000000000003,0.14473370466607793
0.028300000000000002,0.1436439052368303
0.0284,0.15352946598448974
0.0285,0.10813368407282692
0.0286,0.1346350432313701
0.0287,0.1331665526830991
0.028800000000000003,0.13451020168330252
0.028900000000000002,0.13886105863768752
0.029,0.165577907876132
0.0291,0.11893735071049961
0.0292,0.07850983026624787
0.029300000000000003,0.09632939277158792
0.029400000000000003,0.10866141440998689
0.029500000000000002,0.10254932055745714
0.0296,0.13522747315086456
0.0297,0.12048155336163122
0.0298,0.11304145114442189
0.029900000000000003,0.13085622545197903
0.030000000000000002,0.12611752090940606
0.030100000000000002,0.09433071762392334
0.0302,0.10116757022631673
0.0303,0.10535128876577256
0.0304,1.0051013579053962
0.030500000000000003,0.9716793777200886
0.030600000000000002,0.9771363055549928
0.0307,0.9449760121760624
0.0308,0.9528851958860179
0.0309,0.9564419308352126
0.031,0.8947980877660935
0.031100000000000003,0.8899842966427824
0.031200000000000002,0.8667030402071806
0.0313,0.8492985849922674
0.031400000000000004,0.8094635292690537
0.0315,0.8269146816744712
0.0316,0.8141810532029851
0.0317,0.7587746773854209
0.0318,0.7798053986278839
0.031900000000000005,0.786509869046515
0.032,0.7397155041638066
0.032100000000000004,0.7170593644373888
0.0322,0.69720942519307
0.0323,0.688150318481019
0.0324,0.7086858181601501
0.0325,0.6987978746884074
0.032600000000000004,0.6531700473031105
0.0327,0.6986949110009603
0.0328,0.6411371033481749
0.0329,0.640260730467019
0.033,0.5999274806898806
0.033100000000000004,0.5729822085862941
0.0332,0.5721443311631783
0.0333,0.5794113830563302
0.0334,0.5711348280368344
0.0335,0.5597812644085176
0.033600000000000005,0.5497687162715271
0.0337,0.5578607727163983
0.033800000000000004,0.5443577903134873
0.0339,0.5346878435047364
0.034,0.556790081494537
0.0341,0.5014740040703148
0.0342,0.46884711587359973
0.034300000000000004,0.4853290384401903
0.0344,0.49652474259327867
0.0345,0.47729627681086195
0.0346,0.4640338489425717
0.0347,0.4848440135422681
0.034800000000000005,0.46035691246000526
0.0349,0.454281755228789
0.035,0.40990725325736466
0.0351,0.4253236837455413
0.0352,0.39878336999563563
0.035300000000000005,0.3890756478149014
0.0354,0.4457535766459014
0.035500000000000004,0.40980720776472007
0.0356,0.39840271528036975
0.0357,0.3992130905480753
0.0358,0.4128560078012449
0.0359,0.38741025653341604
0.036000000000000004,0.3850412554801464
0.0361,0.34665520442890746
0.0362,0.3574147785686249
0.0363,0.372692833939724
0.0364,0.3494236361073937
0.036500000000000005,0.3475032367624076
0.0366,0.37318328198286044
0.0367,0.3423232650372697
0.0368,0.33792661408326424
0.0369,0.339529341059437
0.037000000000000005,0.34634306069655474
0.0371,0.2978444448993584
0.037200000000000004,0.2904510329141057
0.0373,0.31507058130338605
0.0374,0.27909770789445265
0.0375,0.30053014936663985
0.0376,0.30353629247437586
0.037700000000000004,0.25869352438396237
0.0378,0.2713618970178543
0.0379,0.2630670747792974
0.038,0.2900388209621494
0.0381,0.258753281259459
0.038200000000000005,0.24125577431474055
0.0383,0.2934885230412603
0.038400000000000004,0.23902583430479915
0.0385,0.26190209686577853
0.0386,0.2470434596657302
0.038700000000000005,0.23972726622199278
0.0388,0.24602524479108182
0.038900000000000004,0.23721742984042687
0.039,0.2541227603984567
0.0391,0.21829971575895954
0.0392,0.20286958572593058
0.0393,0.21302216351812087
0.039400000000000004,0.22091208619483982
0.0395,0.20567140410427442
0.0396,0.16942278358869364
0.0397,0.22277313717901792
0.0398,0.19431897720989713
0.039900000000000005,0.2131422301591162
0.04,0.20752974792740256
0.040100000000000004,0.22638722983622472
0.0402,0.22454987796884607
0.0403,0.18412764221639788
0.040400000000000005,0.2088312471970878
0.0405,0.20097359248726007
0.040600000000000004,0.19550355471042502
0.0407,0.16472749083068997
0.0408,0.1888523213552139
0.0409,0.18754324597172592
0.041,0.18418019134968164
0.041100000000000005,0.14556404406198847
0.0412,0.1287048468827003
0.0413,0.15527929777824434
0.0414,0.13529177120164335
0.0415,0.14240499260758946
0.041600000000000005,0.13685969074638588
0.0417,0.15748492931703256
0.041800000000000004,0.15529248427031894
0.0419,0.12809627724309736
0.042,0.14936525193866906
0.042100000000000005,0.14310727117471722
0.0422,0.14986442914559084
0.042300000000000004,0.14516617883692423
0.0424,0.15753228899911986
0.0425,0.17207936316715852
0.0426,0.17003066318814905
0.0427,0.14460277260985696
0.042800000000000005,0.15214783144185867
0.0429,0.13636481455050908
0.043000000000000003,0.13083909674095098
0.0431,0.12644738983113216
0.0432,0.11648970071674752
0.043300000000000005,0.19080885255484709
0.0434,0.14700190536311625
0.043500000000000004,0.11743451455501436
0.0436,0.1376656317456636
0.0437,0.12312795156737275
0.0438,0.13418903255136155
0.0439,0.14100353089878967
0.044000000000000004,0.12284466520174495
0.0441,0.16170900942042338
0.0442,0.1396734727340257
0.0443,0.1326244888441379
0.0444,0.12153526423152254
0.044500000000000005,0.10191842163528339
0.0446,0.1303033398768247
0.044700000000000004,0.10482019429096988
0.0448,0.12354595542405988
0.0449,0.1185793511425705
0.045000000000000005,0.09258045617135346
0.0451,0.1066718664521551
0.045200000000000004,0.14695924271518393
0.0453,0.12991155390703346
0.0454,0.098802164083885
0.0455,0.12303731297285608
0.0456,0.10700150136019908
0.045700000000000005,0.09219477765213024
0.0458,0.09936918689369195
0.0459,0.12381095198698189
0.046,0.0879357713461813
0.0461,0.1547947318539499
0.046200000000000005,0.12129572805180688
0.0463,0.08077262238657859
0.046400000000000004,0.11572177351970625
0.0465,0.1267038787559476
0.0466,0.07567889745443672
0.046700000000000005,0.12123265340211908
0.0468,0.1054465332213204
0.046900000000000004,0.11450433070282837
0.047,0.12433710332249835
0.0471,0.10239671424798916
0.0472,0.1207204124515025
0.0473,0.09532593960917105
0.047400000000000005,0.13545271739224102
0.0475,0.09982385661855675
0.0476,0.09516290197991693
0.0477,0.1133440488467712
0.0478,0.08746125327229244
0.047900000000000005,0.08297341257210208
0.048,0.14295229449686528
0.048100000000000004,0.10926490141188627
0.0482,0.08299385301891463
0.0483,0.09284233979660386
0.048400000000000006,0.10323520334507598
0.0485,0.07170934449172109
0.048600000000000004,0.06884290921031523
0.0487,0.08640535506894935
0.0488,0.08072393920987092
0.0489,0.09705194262072497
0.049,0.08579154443735346
0.049100000000000005,0.10254943928096669
0.0492,0.060490733783930474
0.049300000000000004,0.07606411399446891
0.0494,0.0607954607838774
0.0495,0.13273293985879586
0.049600000000000005,0.09844930720261975
0.0497,0.11234181796214422
0.049800000000000004,0.0846673665787312
0.0499,0.08043284289934699
0.05,0.11676107508906518
0.050100000000000006,0.07257790798681243
0.0502,0.07366215940658781
0.050300000000000004,0.12169134498335211
0.0504,0.06356083833354881
0.0505,0.0842329908550642
0.0506,0.1005757360754459
0.0507,0.12864971236128153
0.050800000000000005,0.08108899067261233
0.0509,0.09284850162530137
0.051000000000000004,0.07208466596496914
0.0511,0.12067159338961204
0.0512,0.06470596170121956
0.051300000000000005,0.09248748453848579
0.0514,0.08584673546526615
0.051500000000000004,0.11743140920289305
0.0516,0.09286637482651143
0.0517,0.12438386580156144
0.051800000000000006,0.06224375343295261
0.0519,0.097012065002343
0.052000000000000005,0.10705270249101272
0.0521,0.10230668908761684
0.0522,0.07885163368762824
0.0523,0.09375809578392232
0.0524,0.10612555894481761
0.052500000000000005,0.09879689181597918
0.0526,0.10112056312741849
0.052700000000000004,0.06808653997165996
0.0528,0.07310025949945805
0.0529,0.10563554429473619
0.053000000000000005,0.0919914460589628
0.0531,0.03727590059816463
0.053200000000000004,0.11693932233306817
0.0533,0.08341515018699738
0.0534,0.05868820945967296
0.053500000000000006,0.09828282192134886
0.0536,0.07027944528778252
0.053700000000000005,0.06991460768161825
0.0538,0.09645930973100572
0.0539,0.11399273125226697
0.054,0.06999246281549547
0.0541,0.09563417015126789
0.054200000000000005,0.08556165269908383
0.0543,0.06157227874936505
0.054400000000000004,0.09536246278385348
0.0545,0.08242215181203162
0.0546,0.0786712990023076
0.054700000000000006,0.09340674160347025
0.0548,0.058621769088522714
0.054900000000000004,0.09482306688509079
0.055,0.06846591267984486
0.0551,0.08486709865522866
0.055200000000000006,0.09103152518440653
0.0553,0.11409255639859853
0.055400000000000005,0.07367855240128102
0.0555,0.09830312268101454
0.055600000000000004,0.08421005451725305
0.0557,0.08051392847109984
0.0558,0.07722812709418256
0.055900000000000005,0.08497840932271891
,
0.056100000000000004,0.051482631310408866
0.0562,0.08791222167218568
0.0563,0.11900683678363964
0.056400000000000006,0.06773958387045083
0.0565,0.09476809115517693
0.056600000000000004,0.11817993737661242
0.0567,0.06157617501508712
0.0568,0.06287864765193757
0.056900000000000006,0.07960136895976261
0.057,0.0876479916610457
0.057100000000000005,0.096084345625691
0.0572,0.07975476110934436
0.057300000000000004,0.0774006600500026
0.0574,0.09909129117688648
0.0575,0.08649158135376771
0.057600000000000005,0.11018754640335084
0.0577,0.09654442833758095
0.057800000000000004,0.1024590800091516
0.0579,0.08216158794038955
0.058,0.10936346061793778
0.058100000000000006,0.09865711950769152
0.0582,0.08790550149481703
0.058300000000000005,0.08321983249882722
0.0584,0.07013636954741595
0.0585,0.07544565572253531
0.058600000000000006,0.07020355500997871
0.0587,0.08100302269180988
0.058800000000000005,0.11237319133292159
0.0589,0.07757458579776054
0.059000000000000004,0.08782800014516902
0.0591,0.10979994273566801
0.0592,0.09280231317543432
0.059300000000000005,0.08787815377427688
0.0594,0.10238394427411353
0.059500000000000004,0.046541674258101344
0.0596,0.09972285136544506
0.0597,0.09356304772646838
0.059800000000000006,0.08680381981509083
0.0599,0.064154396750107
0.060000000000000005,0.08705104896249444
0.0601,0.07608144264126847
0.060200000000000004,0.12679367471075748
0.0603,0.07715642124397837
0.0604,0.09817048621895663
0.060500000000000005,0.1190717155635401
0.0606,0.11685435385570087
0.060700000000000004,0.12295221507292832
0.0608,0.10812395214423964
0.0609,0.08628684315002232
0.061000000000000006,0.10565561236739075
0.0611,0.11116643217632385
0.061200000000000004,0.10822177505382582
0.0613,0.10091079692278136
0.0614,0.08585926807582742
0.061500000000000006,0.09702937176420995
0.0616,0.09298629008602875
0.061700000000000005,0.0855552758730524
0.0618,0.0791968415438697
0.061900000000000004,0.09659948682084249
0.062,0.10907853656340832
0.0621,0.11842924809459084
0.062200000000000005,0.07602054892837554
0.0623,0.0991771499047761
0.062400000000000004,0.08495124130871101
0.0625,0.07721005590346372
0.0626,0.08862583216896182
0.0627,0.10765164396581754
0.06280000000000001,0.08633871765388226
0.0629,0.10521267916762665
0.063,0.036580344800568425
0.0631,0.04509932198455946
0.0632,0.11205454592696557
0.06330000000000001,0.08718181204728123
0.0634,0.11157926522364117
0.0635,0.07096794647214583
0.0636,0.09289918810777674
0.0637,0.10859663750074305
0.06380000000000001,0.06460168783466455
0.0639,0.06836619220574805
0.064,0.06805397709062214
0.0641,0.08592656016970376
0.06420000000000001,0.09602953524040336
0.06430000000000001,0.10520769671161498
0.0644,0.08418308604754751
0.0645,0.10896720274336472
0.0646,0.0669154254714358
0.06470000000000001,0.1149046312957483
0.0648,0.10158679717514255
0.0649,0.08032193989882051
0.065,0.08581233393761772
0.0651,0.09437648890736684
0.06520000000000001,0.10643049162573132
0.0653,0.11151129619015035
0.0654,0.08475064845495481
0.0655,0.071497995418945
0.0656,0.10096311702437219
0.06570000000000001,0.11106740957721929
0.0658,0.11513669516782495
0.0659,0.14396084749048815
0.066,0.09928534537069952
0.0661,0.14102671835019623
0.06620000000000001,0.13426309363033373
0.0663,0.11703315154068201
0.0664,0.0859897899292562
0.0665,0.08221816921187394
0.0666,0.12002998989252762
0.06670000000000001,0.08759762893460117
0.0668,0.09163808078079655
0.0669,0.14100178260503088
0.067,0.08459443592956963
0.0671,0.1376729373699738
0.06720000000000001,0.09025388733955626
0.0673,0.12280871509082937
0.0674,0.08902100171623197
0.0675,0.1009630836367229
0.06760000000000001,0.09384678357712486
0.06770000000000001,0.10630938462636629
0.0678,0.14228295453808995
0.0679,0.12623785603613386
0.068,0.12613543290093102
0.06810000000000001,0.12134612014546614
0.0682,0.12227240952604926
0.0683,0.10045626815976431
0.0684,0.08487669005745967
0.0685,0.10420616684133004
0.06860000000000001,0.09650885820227956
0.0687,0.11672873479276186
0.0688,0.12284120461347911
0.0689,0.11551222507774356
0.069,0.10025323480588773
0.06910000000000001,0.09775855209218239
0.0692,0.13987317771272445
0.0693,0.12280152388565022
0.0694,0.12609315995076806
0.0695,0.14217259279346117
0.06960000000000001,0.10637894452351526
0.0697,0.10230110976373044
0.0698,0.07962007260796164
0.0699,0.06794257515994008
0.07,0.11630704855086214
0.07010000000000001,0.08953185027940352
0.0702,0.05210015081108547
0.0703,0.13344955277588683
0.0704,0.09677755992862065
0.07050000000000001,0.10344367881105375
0.07060000000000001,0.1141888944910211
0.0707,0.11248212719031381
0.0708,0.09932843714378548
0.0709,0.11496975994548783
0.07100000000000001,0.1228141225382727
0.0711,0.10550481156481206
0.0712,0.12461045526949288
0.0713,0.09793940558462964
0.0714,0.11239262844739314
0.07150000000000001,0.10868971914713442
0.0716,0.10072069063305088
0.0717,0.08429398333096066
0.0718,0.12589650279395775
0.0719,0.10845135731227766
0.07200000000000001,0.11317728687646471
0.0721,0.0982121450911872
0.0722,0.10769406347801631
0.0723,0.12221717112968691
0.0724,0.103893487590746
0.07250000000000001,0.1288396963545489
0.0726,0.09129157335134941
0.0727,0.1047193290322848
0.0728,0.10269187898142627
0.0729,0.08278694042088211
0.07300000000000001,0.10576259499675537
0.0731,0.14951080187544805
0.0732,0.1150607791562912
0.0733,0.1070541456950107
0.0734,0.09385736917559041
0.07350000000000001,0.0810773224579908
0.0736,0.10706241634827358
0.0737,0.10769040312686785
0.0738,0.10181109383050364
0.07390000000000001,0.0739714712292355
0.07400000000000001,0.06903664577079031
0.0741,0.15908067388830147
0.0742,0.06893631670295089
0.0743,0.12100470209906947
0.07440000000000001,0.15535297163793732
0.0745,0.10063923714631585
0.0746,0.12809423449329221
0.0747,0.09052545023193562
0.0748,0.11244941074710818
0.07490000000000001,0.1488240914974993
0.075,0.11225136612279728
0.0751,0.15974415363105174
0.0752,0.0861462183491917
0.0753,0.09665817139195831
0.07540000000000001,0.12583619304164081
0.0755,0.11991774735762305
0.0756,0.1134168869565151
0.0757,0.1192909439438459
0.0758,0.1348155830120571
0.07590000000000001,0.08923386625109299
0.076,0.1253408404557588
0.0761,0.11646970363793169
0.0762,0.08917098117956945
0.0763,0.12698006675443432
0.07640000000000001,0.12844245297403464
0.0765,0.12587557555893325
0.0766,0.1517803417909659
0.0767,0.13435238511147032
0.07680000000000001,0.1376345396508594
0.07690000000000001,0.10754342864550123
0.077,0.10623951011999345
0.0771,0.13054726577243947
0.0772,0.11062214755507353
0.07730000000000001,0.1036060532847747
0.07740000000000001,0.13252242586450358
0.0775,0.08670194357541257
0.0776,0.12956425044899303
0.0777,0.1351479698177395
0.07780000000000001,0.09166143026963183
0.0779,0.11409478888665965
0.078,0.12647001066410377
0.0781,0.09103251977842378
0.0782,0.14368731702902826
0.07830000000000001,0.11412833924537467
0.0784,0.10403030772395705
0.0785,0.12090141745050927
0.0786,0.10605398243990302
0.0787,0.14606667878280474
0.07880000000000001,0.1351904680942833
0.0789,0.09926210293778558
0.079,0.13841913915472237
0.0791,0.1455387086309269
0.0792,0.11628301088313696
0.07930000000000001,0.09387492122984464
0.0794,0.1295908550465342
0.0795,0.12409311611440561
0.0796,0.15650448721958163
0.07970000000000001,0.13900007882209428
0.07980000000000001,0.09949399936336215
0.0799,0.10159411770980162
0.08,0.1374211590897586
0.0801,0.08963900181721521
0.08020000000000001,0.13851722921219126
0.08030000000000001,0.12854772425654587
0.0804,0.12810038806531143
0.0805,0.1181631170879514
0.0806,0.09988956168285071
0.08070000000000001,0.12043270631472489
0.08080000000000001,0.14409310384757332
0.0809,0.17559231701908773
0.081,0.08444428646243224
0.0811,0.12503525855295672
0.08120000000000001,0.08911878691333905
0.0813,0.1501427899795056
0.0814,0.10208982224242905
0.0815,0.11728778107959856
0.0816,0.14303246231036448
0.08170000000000001,0.11996875644739831
0.0818,0.15021939225143274
0.0819,0.11931049046398338
0.082,0.17390533890810414
0.0821,0.11740585882497419
0.08220000000000001,0.1215687963588837
0.0823,0.1340887741884301
0.0824,0.1324922326440234
0.0825,0.13872526054337503
0.0826,0.11578562205856145
0.08270000000000001,0.142116354384942
0.0828,0.13784384889819296
0.0829,0.07899478031749306
0.083,0.11707489444874603
0.08310000000000001,0.10095279219961689
0.08320000000000001,0.11770133291094098
0.0833,0.12280588378024615
0.0834,0.13175595197772108
0.0835,0.1205824699718075
0.08360000000000001,0.1272158058414725
0.08370000000000001,0.14613747422160336
0.0838,0.11263660819034813
0.0839,0.12317357802272842
0.084,0.10061478111198564
0.08410000000000001,0.1486000949531507
0.08420000000000001,0.12191560951327121
0.0843,0.13720577983718302
0.0844,0.10945803457983531
0.0845,0.11997402600300852
0.08460000000000001,0.1234643948766996
0.0847,0.09686757801727214
0.0848,0.12240812165166148
0.0849,0.10010098271234692
0.085,0.15739374169242715
0.08510000000000001,0.14070538802524699
0.0852,0.13064740943829461
0.0853,0.1312738811019278
0.0854,0.12862013227253666
0.0855,0.10279909055341332
0.08560000000000001,0.11411098272017284
0.0857,0.14409336570728937
0.0858,0.1366818210023091
0.0859,0.1422038716225899
0.08600000000000001,0.09491771406847484
0.08610000000000001,0.12478098132326403
0.0862,0.125504229099462
0.0863,0.11116114751834238
0.0864,0.12518886886897349
0.08650000000000001,0.09642915551981247
0.08660000000000001,1.050666247760733
0.0867,1.0178295814763125
0.0868,0.9886192442640666
0.0869,1.0192272455724354
0.08700000000000001,0.9514222975837369
0.08710000000000001,0.9277747911262004
0.0872,0.9573702132998124
0.0873,0.9111076069540328
0.0874,0.9424058036199984
0.08750000000000001,0.8638120396435277
0.0876,0.8612414050226587
0.0877,0.8649194523491058
0.0878,0.8459855985606584
0.0879,0.8587494808601439
0.08800000000000001,0.7830953783324908
0.0881,0.8190843454719872
0.0882,0.8201733245979176
0.0883,0.7769928125545802
0.0884,0.743276594302051
0.08850000000000001,0.7532401030183782
0.0886,0.7256460646666139
0.0887,0.7444392481664206
0.0888,0.6815129052563198
0.0889,0.733931099898964
0.08900000000000001,0.7211136336435902
0.0891,0.672366448574433
0.0892,0.7061387174363285
0.0893,0.6452670284812086
0.08940000000000001,0.6735843651506455
0.08950000000000001,0.6131706748522427
0.0896,0.620920475927262
0.0897,0.6143830888144096
0.0898,0.6571383981818412
0.08990000000000001,0.59248459394657
0.09000000000000001,0.6202714356798265
0.0901,0.5902158568908267
0.0902,0.6501635026956025
0.0903,0.5925235803876808
0.09040000000000001,0.5499306660847025
0.09050000000000001,0.5701658170988942
0.0906,0.5401667164171304
0.0907,0.5451415415447648
0.0908,0.5138638149037141
0.09090000000000001,0.5288908675152861
0.091,0.5028108948430604
0.0911,0.509845040557404
0.0912,0.4638627801296686
0.0913,0.4891857923050553
0.09140000000000001,0.46627848064762156
0.0915,0.47683850579816534
0.0916,0.45077083275824026
0.0917,0.48502149612263795
0.0918,0.4395288769254311
0.09190000000000001,0.4514873556660111
0.092,0.4280084346327895
0.0921,0.47341251322135114
0.0922,0.4327374596355189
0.09230000000000001,0.4268218170170347
0.09240000000000001,0.43235934397419157
0.0925,0.39507484686712524
0.0926,0.41463061247210886
0.0927,0.39416110518072245
0.09280000000000001,0.40454721208703703
0.09290000000000001,0.37898339562262906
0.093,0.3829400908778155
0.0931,0.3924644272531037
0.0932,0.3732486935356238
0.09330000000000001,0.38602097103011235
0.09340000000000001,0.37573243769098363
0.0935,0.36424747309645755
0.0936,0.41286662813654995
0.0937,0.3628052200012005
0.09380000000000001,0.36004878312197497
0.09390000000000001,0.3828945927147813
0.094,0.37463815453037375
0.0941,0.33162950513801137
0.0942,0.35446425003944737
0.09430000000000001,0.26868991844884005
0.0944,0.34191900463131003
0.0945,0.3305122138237394
0.0946,0.37202463498971505
0.0947,0.28635413613750127
0.09480000000000001,0.3457596422589282
0.0949,0.3303635832594346
0.095,0.3481375187358206
0.0951,0.33914232077885526
0.0952,0.29539130969089616
0.09530000000000001,0.3150524844375635
0.0954,0.3182929331337178
0.0955,0.2795922336432564
0.0956,0.2952214425006258
0.09570000000000001,0.3139765434751812
0.09580000000000001,0.2788391055480456
0.0959,0.31178423724598436
0.096,0.2818275433642902
0.0961,0.2380066729249299
0.09620000000000001,0.24386309799592196
0.09630000000000001,0.28808758438720694
0.0964,0.2892318555638181
0.0965,0.2760932809354327
0.0966,0.2589995353774044
0.09670000000000001,0.26103867707624334
0.09680000000000001,0.2718063454084818
0.0969,0.244328048661535
0.097,0.288749378857714
0.0971,0.266075024346358
0.09720000000000001,0.2692677494668588
0.09730000000000001,0.2687862666175124
0.0974,0.24471708474003792
0.0975,0.2843996882494133
0.0976,0.26352183172512994
0.09770000000000001,0.27786637498372346
0.0978,0.2037604844816801
0.0979,0.2750044034904763
0.098,0.28477850881559597
0.0981,0.24870026386918084
0.09820000000000001,0.23440678798240944
0.0983,0.2493057896185275
0.0984,0.2779508246669993
0.0985,0.2294803069430266
0.09860000000000001,0.20796146587777636
0.09870000000000001,0.20624839174498782
0.0988,0.21072269598468535
0.0989,0.20126317223227103
0.099,0.22130661700169574
0.09910000000000001,0.21697103058736766
0.09920000000000001,0.21683816451298604
0.0993,0.18580016354759415
0.0994,0.20240184395693295
0.0995,0.24241943794166076
0.09960000000000001,0.21274279765846982
0.09970000000000001,0.18807226348062148
0.0998,0.20585308845302225
0.0999,0.2475153417537454
0.1,0.18359812339343687
0.10010000000000001,0.18811908419105222
0.10020000000000001,0.22286004103998847
0.1003,0.18619362018940547
0.1004,0.19962943520095255
0.1005,0.19739724099469766
0.10060000000000001,0.19360431992059862
0.10070000000000001,0.1846745867501114
0.1008,0.20329547124393854
0.1009,0.2308102057118802
0.101,0.19524939125921814
0.10110000000000001,0.18240990307697333
0.1012,0.17919937440557013
0.1013,0.20734067967144726
0.1014,0.17920554509937514
0.1015,0.21426486097576117
0.10160000000000001,0.20900810475967116
0.1017,0.21322909646830085
0.1018,0.2355180241232054
0.1019,0.21256650188402265
0.10200000000000001,0.17943854660414274
0.10210000000000001,0.20658174479183072
0.1022,0.17967618758119241
0.1023,0.2198956676418936
0.1024,0.18431351619913716
0.10250000000000001,0.22622252106975152
0.10260000000000001,0.19969980545437294
0.1027,0.21147650369264875
0.1028,0.18754873241612532
0.1029,0.18054096353540153
0.10300000000000001,0.19565636824997373
0.10310000000000001,0.15508852159064565
0.1032,0.17796661789506063
0.1033,0.1935890533843565
0.1034,0.15937588180547452
0.10350000000000001,0.20063215953709893
0.10360000000000001,0.16827072858162934
0.1037,0.2064581950687934
0.1038,0.14688852024464824
0.1039,0.1787856297464282
0.10400000000000001,0.17435067414453465
0.1041,0.1898697537467627
0.1042,0.15847352538548315
0.1043,0.2087617714589779
0.1044,0.15131429460885948
0.10450000000000001,0.17333649434436055
0.1046,0.15205594094730795
,
0.1048,0.18148206269959946
0.10490000000000001,0.17883226453538226
0.10500000000000001,0.16481591819663682
0.1051,0.19139250757991033
0.1052,0.177360444536074
0.1053,0.17042104332831637
0.10540000000000001,0.1903533694398063
0.10550000000000001,0.19264868718588665
0.1056,0.12361459031213204
0.1057,0.1937597424091557
0.1058,0.17160026812534643
0.10590000000000001,0.1812778267573818
0.10600000000000001,0.1684839441701184
0.1061,0.16164204763244872
0.1062,0.18692525938340976
0.1063,0.17070739682560976
0.10640000000000001,0.16012461087182253
0.10650000000000001,0.19253109443402855
0.1066,0.15650396428973792
0.1067,0.15959062089786868
0.1068,0.15457326033908506
0.10690000000000001,0.16146492415938152
0.10700000000000001,0.1785994309149197
0.1071,0.17857647442373126
0.1072,0.19095374066913845
0.1073,0.14633600643104064
0.10740000000000001,0.15060486461929828
0.1075,0.19313277615428553
0.1076,0.13408951864121138
0.1077,0.1754182439000384
0.1078,0.15102980702477792
0.10790000000000001,0.1981101328141525
0.108,0.13795366648296303
0.1081,0.15666196827024054
0.1082,0.1573357053034719
0.10830000000000001,0.15396238043189542
0.10840000000000001,0.17555793583797186
0.1085,0.14910390914853666
0.1086,0.1661890795438676
0.1087,0.20504610301640475
0.10880000000000001,0.19848526773918163
0.10890000000000001,0.16900584874532174
0.109,0.1999666186724498
0.1091,0.19403572890077114
0.1092,0.15983397531373378
0.10930000000000001,0.16015819044084129
0.10940000000000001,0.14869825009615126
0.1095,0.18053455232329924
0.1096,0.19617706169087934
0.1097,0.172774100565492
0.10980000000000001,0.17237365358589649
0.10990000000000001,0.1688612134409472
0.11,0.14622273710903505
0.1101,1.0765911475543617
0.1102,1.06737030719548
0.11030000000000001,1.049387242349721
0.11040000000000001,1.0348856091502463
0.1105,1.0127661607681655
0.1106,0.9751053722571092
0.1107,0.9998593642091543
0.11080000000000001,0.9672701759888981
0.1109,0.9664399893002332
0.111,0.9588625437205254
0.1111,0.9598051635672633
0.11120000000000001,0.9153852459458715
0.11130000000000001,0.8622236236129047
0.1114,0.8894167923175488
0.1115,0.8514256497361479
0.1116,0.8720288058418184
0.11170000000000001,0.8160583167361184
0.11180000000000001,0.8017630386078827
0.1119,0.8237419512344839
0.112,0.8297196799514084
0.1121,0.7898951111502561
0.11220000000000001,0.7974169667864208
0.11230000000000001,0.7364576256154199
0.1124,0.7564906896621744
0.1125,0.7545373764590362
0.1126,0.7456084828193759
0.11270000000000001,0.7083692862496467
0.11280000000000001,0.6782377221138234
0.1129,0.7096958815518156
0.113,0.6783002873987054
0.1131,0.6418030320487347
0.11320000000000001,0.6577820611545983
0.11330000000000001,0.6341488500873569
0.1134,0.6399774592318058
0.1135,0.6033243345250591
0.1136,0.5937866847448346
0.11370000000000001,0.5932742300875863
0.11380000000000001,0.6165954873757663
0.1139,0.5722910952632916
0.114,0.5462687858344896
0.11410000000000001,0.5782861760990832
0.11420000000000001,0.5677403298046351
0.1143,0.563012444703099
0.1144,0.5959296430591141
0.1145,0.5556959856281357
0.11460000000000001,0.5483608697651885
0.11470000000000001,0.5521553633609153
0.1148,0.5252047620132632
0.1149,0.5415209851375723
0.115,0.5269182499235537
0.11510000000000001,0.5323420079798451
0.11520000000000001,0.4841147947760585
0.1153,0.4652583355997417
0.1154,0.518249144963624
0.1155,0.492417978952275
0.11560000000000001,0.4950276123607228
0.11570000000000001,0.4333376963077176
0.1158,0.4810117673201605
0.1159,0.47747104487846265
0.116,0.4512675659335922
0.11610000000000001,0.4609151018984122
0.11620000000000001,0.4415639338463164
0.1163,0.43244043210493355
0.1164,0.4087926248763589
0.1165,0.4218321832471035
0.11660000000000001,0.4369707926966683
0.11670000000000001,0.4331666849819953
0.1168,0.3584168675705328
0.1169,0.3976414486473177
0.117,0.39813865356225764
0.11710000000000001,0.41357570884467115
0.11720000000000001,0.3957827630554853
0.1173,0.39460201804443396
0.1174,0.4264060845612545
0.11750000000000001,0.3970908743005994
0.11760000000000001,0.39437352371329815
0.1177,0.35668275419994533
0.1178,0.3717084619956911
0.1179,0.3807064479600113
0.11800000000000001,0.35106891127553264
0.11810000000000001,0.347582696077823
0.1182,0.34548829113483687
0.1183,0.3377662303473335
0.1184,0.3610660791558496
0.11850000000000001,0.3371573226191482
0.11860000000000001,0.3825764922142224
0.1187,0.29801246101427387
0.1188,0.34073530645949834
0.1189,0.3522320959480285
0.11900000000000001,0.3346611357035549
0.11910000000000001,0.3321709937852235
0.1192,0.3513776889150635
0.1193,0.3243179470685841
0.1194,0.2771857918653753
0.11950000000000001,0.35121982748850955
0.11960000000000001,0.30640873233959687
0.1197,0.3104381070371876
0.1198,0.3202809550503891
0.1199,0.31714144040100534
0.12000000000000001,0.33065851001441093
0.12010000000000001,0.31006676004008393
0.1202,0.2818447849601523
0.1203,0.2851958268317658
0.12040000000000001,0.30351869007916377
0.12050000000000001,0.27985761584313973
0.1206,0.32065315090564506
0.1207,0.3330661877699866
0.1208,0.31930487412415365
0.12090000000000001,0.30011744802687734
0.12100000000000001,0.2830135289119876
0.1211,0.29382646521543626
0.1212,0.2677922213509245
0.1213,0.25933335512797706
0.12140000000000001,0.26676009444809984
0.12150000000000001,1.1720292235608307
0.1216,1.142479153800951
0.1217,1.1155588981336986
0.1218,1.0884594037751258
0.12190000000000001,1.1131556927258635
0.12200000000000001,1.0814011977912212
0.1221,1.0531050966168196
0.1222,1.037274970929898
0.1223,1.037007744191237
0.12240000000000001,1.0661229302881625
0.12250000000000001,0.985809912740407
0.1226,0.9786504632891729
0.1227,0.9992267996787179
0.1228,0.9422191744826245
0.12290000000000001,0.973534647528753
0.12300000000000001,0.9446200053506132
0.1231,0.8564939198320821
0.1232,0.8762611315586241
0.1233,0.8804545779512523
0.12340000000000001,0.8774989858074638
0.12350000000000001,0.8028121206600861
0.1236,0.8207039141645388
0.1237,0.8306621783555389
0.12380000000000001,0.8369321530224201
0.12390000000000001,0.7917277602633128
0.124,0.7956437233285627
0.1241,0.7626669448064191
0.1242,0.7689287123372589
0.12430000000000001,0.7489482265203393
0.12440000000000001,0.7860727945499597
0.1245,0.7645019611275
0.1246,0.723418522670779
0.1247,0.7074411540967436
0.12480000000000001,0.7221980140982098
0.12490000000000001,0.6824964091626803
0.125,0.6846207865577727
0.12510000000000002,0.6572875298052088
0.1252,0.6553063977997087
0.1253,0.6396831253022387
0.1254,0.6275197894216575
0.1255,0.6241435839348619
0.12560000000000002,0.6472450495761469
0.1257,0.624665922943199
0.1258,0.6261377154693795
0.1259,0.5735998977409806
0.126,0.6020579113838395
0.12610000000000002,0.5814329936953839
0.1262,0.6050866857439252
0.1263,0.5754642557172678
0.1264,0.5714705788914259
0.1265,0.5850092766381002
0.12660000000000002,0.506733746802563
0.1267,0.5278780664135291
0.1268,0.5501390183868728
0.1269,0.5406030481932774
0.127,0.5589350395599199
0.12710000000000002,0.5157411646433803
0.1272,0.48493059543123973
0.1273,0.5032302253269961
0.1274,0.5003370507215772
0.1275,0.4954125497063797
0.12760000000000002,0.4931674635498615
0.1277,0.46431734009431425
0.1278,0.4594865770864255
0.1279,0.4683728432072931
0.128,0.43774879889123397
0.12810000000000002,0.4358960375713014
0.1282,0.41529988665997264
0.1283,0.45657611078347127
0.12840000000000001,0.4419260354153599
0.1285,0.4258384235575833
0.12860000000000002,0.42143815578426824
0.1287,0.41095562871939195
0.1288,0.41817499808502256
0.12890000000000001,0.4266484604989581
0.129,0.4235934766660253
0.1291,0.4232605182122513
0.1292,0.3937565601835975
0.1293,0.41615227406702837
0.12940000000000002,0.43296389727334256
0.1295,0.3877584382431735
0.1296,0.37252743005603217
0.1297,0.39463408975345876
0.1298,0.42933203655830576
0.12990000000000002,0.3477262002420951
0.13,0.3951399760829677
0.1301,0.35522101346144097
0.1302,0.38976777240912547
0.1303,0.3692482826324589
0.13040000000000002,0.3485326523911685
0.1305,0.36743776685955687
0.1306,0.3486257348400487
0.1307,0.33982427973526225
0.1308,0.35830800622719594
0.13090000000000002,0.3662675661846552
0.131,0.3670957474767651
0.1311,0.339350178025679
0.1312,0.29597264368019494
0.1313,0.3495743138613763
0.13140000000000002,0.32304757005418827
0.1315,0.330797898177735
0.1316,0.3605804715015219
0.1317,0.3551634938904223
0.1318,0.3031958760263289
0.13190000000000002,0.3099416802231254
0.132,0.32145349977567306
0.1321,0.34392923360723693
0.1322,0.322328218468852
0.1323,0.31295906511903704
0.13240000000000002,0.3125327953901774
0.1325,0.3173893205141147
0.1326,0.3352586985998706
0.1327,0.28838949313692863
0.1328,0.33104099616422733
0.13290000000000002,0.3209566007525968
0.133,0.26591961563314376
0.1331,0.27397203294779104
0.1332,0.2773828107281283
0.1333,0.2988373257004646
0.13340000000000002,0.3103810900272326
0.1335,0.3108947516629855
0.1336,0.3263166581733904
0.1337,0.304066075942642
0.1338,0.292550551664556
0.13390000000000002,0.24831149903770622
0.134,0.27983875234907035
0.1341,0.26404183192387143
0.1342,0.2830758206111027
0.1343,0.26284399830869787
0.13440000000000002,0.27249345877149833
0.1345,0.2930887543608033
0.1346,0.2773892752702576
0.13470000000000001,0.27617019205075266
0.1348,0.24715620629123225
0.13490000000000002,0.31250455492638785
0.135,0.24424496367332138
0.1351,0.2913932273356129
0.13520000000000001,0.2527536919295891
0.1353,0.29316415222421327
0.13540000000000002,0.28651352284360254
0.1355,0.2685046626694938
0.1356,0.26987031851192084
0.13570000000000002,0.26024605713719545
0.1358,0.28158085250558623
0.1359,0.26472550175069354
0.136,0.266551535359883
0.1361,0.23569653572492924
0.13620000000000002,0.26459665454368814
0.1363,0.2524822529094802
0.1364,0.27210842897433846
0.1365,0.23963397973737438
0.1366,0.26463112565922714
0.13670000000000002,0.25957241854131047
0.1368,0.27576408890244225
0.1369,0.23799538209858223
0.137,0.24135581003534162
0.1371,0.28606323162869385
0.13720000000000002,0.27328503928320547
0.1373,0.2574203938777851
0.1374,0.20883603351790814
0.1375,0.2336378793686664
0.1376,0.2291753055255928
0.13770000000000002,0.29164410256320583
0.1378,0.2213498648764135
0.1379,0.25820101778497706
0.138,0.25481877020968086
0.1381,0.23511859862954548
0.13820000000000002,0.2479658481255314
0.1383,0.2745441059736447
0.1384,0.22173258847632216
0.1385,0.2503800599955606
0.1386,0.23703087806711376
0.13870000000000002,0.24632962890236257
0.1388,0.23465713269076915
0.1389,0.25767246725653975
0.139,0.22036400803819797
0.1391,0.23395577701336073
0.13920000000000002,0.22497847029163637
0.1393,0.20700913773520047
0.1394,0.22828319039435255
0.1395,0.23175100089819448
0.1396,0.2555418830547368
0.13970000000000002,0.28622994048837386
0.1398,0.2313795195602244
0.1399,0.25557543901004814
0.14,0.25546743490878954
0.1401,0.2641573065177119
0.14020000000000002,0.22113998277991087
0.1403,0.2268499858515557
0.1404,0.21979578757315804
0.1405,0.19136374466232076
0.1406,0.2068262692013375
0.14070000000000002,0.20864587075735122
0.1408,0.2300921020158478
0.1409,0.24429179759198133
0.14100000000000001,0.23150361877572587
0.1411,0.24449018052122715
0.14120000000000002,0.20545349337205063
0.1413,0.21888309862746125
0.1414,0.2322395996742132
0.14150000000000001,0.21041334120367836
0.1416,0.2221503109367929
0.14170000000000002,0.18553474105100926
0.1418,0.2305624520521834
0.1419,0.2264204656108251
0.14200000000000002,0.22389871147922305
0.1421,0.21388029730713495
0.1422,0.20934062338086862
0.1423,0.2423452543384252
0.1424,0.24476399480217798
0.14250000000000002,0.22045277830733379
0.1426,0.2133639279244112
0.1427,0.21554864640339363
0.1428,0.24332788389420576
0.1429,0.231569335774209
0.14300000000000002,0.21110436275160543
0.1431,0.20418661386942338
0.1432,0.22758996847298515
0.1433,0.24855705123100152
0.1434,0.24354026156470643
0.14350000000000002,0.21626355036961342
0.1436,0.2270510636623856
0.1437,0.19720009729648647
0.1438,0.21009523953070458
0.1439,0.19783938857535993
0.14400000000000002,0.20888651438210068
0.1441,0.2648334369236591
0.1442,0.24388318598090683
0.1443,0.20910603471261996
0.1444,0.23178701829299853
0.14450000000000002,0.24286922767854793
0.1446,0.25735360775312727
0.1447,0.21404979149710301
0.1448,0.20677914483585658
0.1449,0.22253876078962534
0.14500000000000002,0.2313956799571943
0.1451,0.24581549112181336
0.1452,0.22799976679827494
0.1453,0.24237421818057062
0.1454,0.20675423460160483
0.14550000000000002,0.24789843075403384
0.1456,0.22941512699788702
0.1457,0.2669975326109547
0.1458,0.18541386874785354
0.1459,0.2607224059159238
0.14600000000000002,0.23668056022654496
0.1461,0.2231689594061986
0.1462,0.22630088748232172
0.1463,0.22006676855977467
0.1464,0.223277993478899
0.14650000000000002,0.21519643929717347
0.1466,0.1933274728683691
0.1467,0.16483148103583278
0.1468,0.2415614664017337
0.1469,0.21668274762613524
0.14700000000000002,0.19269546302745652
0.1471,0.2138469674965923
0.1472,0.24352575125203496
0.14730000000000001,0.23887125328356934
0.1474,0.2038769993192478
0.14750000000000002,0.2173237804387361
0.1476,0.21384444180917495
0.1477,0.20814997790458903
0.14780000000000001,0.24984739868435724
0.1479,0.17210260562740998
0.14800000000000002,0.2200618204937239
0.1481,0.22367453453087205
0.1482,0.27016288865936655
0.14830000000000002,0.20785553834824214
0.1484,0.22663425959845385
0.14850000000000002,0.22381566029541272
0.1486,0.2119028648452203
0.1487,0.2405203409026191
0.14880000000000002,0.2493011478184686
0.1489,0.23907813543621345
0.149,0.20714726441242215
0.1491,0.23788148869895331
0.1492,0.19044485843446746
0.14930000000000002,0.22930651843985408
0.1494,0.23607269117692106
0.1495,0.22841081302626623
0.1496,0.2444846009990071
0.1497,0.2386106393937635
0.14980000000000002,0.20323813045546185
0.1499,0.2174516497083022
0.15,0.21919484657740088
0.1501,0.2562252760488794
0.1502,0.20990395401491488
0.15030000000000002,0.25425477378287015
0.1504,0.24784545867507649
0.1505,0.20517267851177268
0.1506,0.22727545182073278
0.1507,0.23902919443079854
0.15080000000000002,0.19169521327528344
0.1509,0.23840895920711308
0.151,0.25015983147260773
0.1511,0.25107116256916634
0.1512,0.27072106833822795
0.15130000000000002,0.23895159203702213
0.1514,0.21592764629712555
0.1515,0.25872591319266186
0.1516,0.2672335283410971
0.1517,0.24814011694389865
0.15180000000000002,0.24319560448751917
0.1519,0.23360829951470288
0.152,0.21497452696348993
0.1521,0.2443219807613143
0.1522,0.22679841675724943
0.15230000000000002,0.19338156424138292
0.1524,0.22779985779856826
0.1525,0.26355076694388246
0.1526,0.24450437728857227
0.1527,0.23647104944795821
0.15280000000000002,0.23393876393347596
0.1529,0.2996792320036443
0.153,0.24786532678932005
0.1531,0.22922991017545796
0.1532,0.24228578113436788
0.15330000000000002,0.26587416647785544
0.1534,0.21997500976017145
0.1535,0.2517199639156906
0.15360000000000001,0.1982043660003578
0.1537,0.22938683239671082
0.15380000000000002,0.19238091897578882
0.1539,0.24587978951042128
0.154,0.25455429588434825
0.15410000000000001,0.25100968439484916
0.1542,0.2272005587741126
0.15430000000000002,0.26896042684221605
0.1544,0.24651089259121736
0.1545,0.22723318115285215
0.15460000000000002,0.19447898452814597
0.1547,0.24636141956018554
0.15480000000000002,0.2308046234505607
0.1549,0.24628481177201447
0.155,0.24423584050381303
0.15510000000000002,0.24107987479132917
0.1552,0.2590406194897975
0.1553,0.23684782529047374
0.1554,0.21527820471201467
0.1555,0.17987431260551084
0.15560000000000002,0.23650885305267852
0.1557,0.23151525878410786
0.1558,0.24546943071096086
0.1559,0.2643826951736838
0.156,0.2055417726016429
0.15610000000000002,0.24699846081029134
0.1562,0.2513971209426315
0.1563,0.23927037399532927
0.1564,0.22046535201760176
0.1565,0.2271974137695744
0.15660000000000002,0.25001741864122784
0.1567,0.25805450198201774
0.1568,0.2161936295442551
0.1569,0.2557035325445823
0.157,0.2000331482245138
0.15710000000000002,0.20256137637563312
0.1572,0.2459125199217071
0.1573,0.22744194073747043
0.1574,0.23215006563102505
0.1575,0.2448320663687647
0.15760000000000002,0.25082301819412195
0.1577,0.2560770018875633
0.1578,0.2358234099979491
0.1579,0.2349309187730442
0.158,0.23016551736696447
0.15810000000000002,0.21732750797685474
0.1582,0.2694396680883398
0.1583,0.2315545785659169
0.1584,0.22781428316722258
0.1585,0.25980542723576266
0.15860000000000002,0.2353110969926594
0.1587,0.1956437203977267
0.1588,0.24442791392480703
0.1589,0.21370892337082947
0.159,0.2339282738629274
0.15910000000000002,0.250789395493918
0.1592,0.22680572970930996
0.1593,0.2042511544608815
0.15940000000000001,0.2331136137969131
0.1595,0.2482988768107786
0.15960000000000002,0.22653923149491925
0.1597,0.2544621159966331
0.1598,0.22645677938751319
0.15990000000000001,0.22587170605540488
0.16,0.2731774215307765
0.16010000000000002,0.26677748138505886
0.1602,0.27180476875986703
0.1603,0.2595347904203689
0.16040000000000001,0.20847204492272214
0.1605,0.2395383685782861
0.16060000000000002,0.21528696786511337
0.1607,0.28455449238220487
0.1608,0.23908158195614984
0.16090000000000002,0.250606704073631
0.161,0.21700484491347666
0.16110000000000002,0.2570391380597181
0.1612,0.27889885657758395
,
0.16140000000000002,0.226887445481588
0.1615,0.26277250323054685
0.16160000000000002,0.24158652998032376
0.1617,0.2397829245712081
0.1618,0.23731782828095216
0.16190000000000002,0.24083894230685088
0.162,0.27145212334325264
0.1621,0.257134144719713
0.1622,0.20326656391041353
0.1623,0.27063009197340027
0.16240000000000002,0.22421822275780603
0.1625,0.23742296118738604
0.1626,0.2383192022463074
0.1627,0.23389172576920933
0.1628,0.2549636043109718
0.16290000000000002,0.26211672481546006
0.163,0.23776340361476844
0.1631,0.22681982477602156
0.1632,0.24889841626536086
0.1633,0.226196853408342
0.16340000000000002,0.25172568929305916
0.1635,0.236569263607666
0.1636,0.25512562855970183
0.1637,0.28412977699142117
0.1638,0.26264683632324987
0.16390000000000002,0.2660552872682052
0.164,0.2301648358181004
0.1641,0.22869645502887925
0.1642,0.22971105897008048
0.1643,0.23061968051998363
0.16440000000000002,0.20599021429644693
0.1645,0.24188521696420134
0.1646,0.2763427960067177
0.1647,0.24431102244339262
0.1648,0.23964617940289268
0.16490000000000002,0.23142999488481875
0.165,0.21194276365903064
0.1651,0.29174534772758587
0.1652,0.2465679946368869
0.1653,0.23752103081167203
0.16540000000000002,0.25608410548892846
0.1655,0.22697887873169825
0.1656,0.2362012828106032
0.16570000000000001,0.19969506864375516
0.1658,0.24200701156453486
0.16590000000000002,0.22072592401763905
0.166,0.21367525847161747
0.1661,0.2557250972159266
0.16620000000000001,0.23565868230025752
0.1663,0.24055462694080224
0.16640000000000002,0.2589754129712183
0.1665,0.23098089102599972
0.1666,0.25806450217022553
0.16670000000000001,0.2620652612438536
0.1668,0.26277041271177193
0.16690000000000002,0.25918806248055937
0.167,0.26114745709035553
0.1671,0.2463573868841872
0.16720000000000002,0.253750413942244
0.1673,0.28356834793253766
0.16740000000000002,0.2591372243474124
0.1675,0.22672823907615883
0.1676,0.2923481585451459
0.16770000000000002,0.2190025654847565
0.1678,0.23923138815823283
0.16790000000000002,0.2705492352674655
0.168,0.2521874020889159
0.1681,0.26992168083864604
0.16820000000000002,0.22662798006093196
0.1683,0.23954864360824002
0.16840000000000002,0.24123023525705528
0.1685,0.2568648247733186
0.1686,0.2855151142847787
0.16870000000000002,0.27684203860639056
0.1688,0.2695289058715611
0.1689,0.2565234418673377
0.169,0.228153253026063
0.1691,0.2818348604107181
0.16920000000000002,0.2716081652297662
0.1693,0.25719962110702305
0.1694,0.22926366507435594
0.1695,0.2745972823910039
0.1696,0.2275095838882903
0.16970000000000002,0.20493665301697292
0.1698,0.25067779604640106
0.1699,0.2254813898029217
0.17,0.2774109882669179
,
0.17020000000000002,0.2491727726927978
0.1703,0.24669170491711032
0.1704,0.23261185117482475
0.1705,0.2696377993669899
0.1706,0.25310637473992353
0.17070000000000002,0.22943725590417227
0.1708,0.21055345528897426
0.1709,0.2476101491588471
0.171,0.2080546567673207
0.1711,0.24908674975762143
0.17120000000000002,0.2408362537190368
0.1713,0.26116934897651783
0.1714,0.27912472980799824
0.1715,0.284989594928532
0.1716,0.3047582636118914
0.17170000000000002,0.27201187931702037
0.1718,0.23410771346160839
0.1719,0.29276206974115987
0.17200000000000001,0.20515425335576185
0.1721,0.2357314922120052
0.17220000000000002,0.2676249614246362
0.1723,0.23889355475022447
0.1724,0.2945892192357821
0.17250000000000001,0.3021540587256514
0.1726,0.2622243672277191
0.17270000000000002,0.28367825230673027
0.1728,0.2722397000010648
0.1729,0.28124949899462093
0.17300000000000001,0.24777743496375412
0.1731,0.2808879343833516
0.17320000000000002,0.2571648873547761
0.1733,0.25766676657032495
0.1734,0.27969834667384247
0.17350000000000002,0.21647836071542562
0.1736,0.27670968335874563
0.17370000000000002,0.2854765450102663
0.1738,0.27942517951460977
0.1739,0.25623987552526917
0.17400000000000002,0.2475368788687452
0.1741,0.2656794692711339
0.17420000000000002,0.27233881221073425
0.1743,0.24740460482235932
0.1744,0.2762152927869779
0.17450000000000002,0.2558683562606034
0.1746,0.2693290197956169
0.17470000000000002,0.24672332793215346
0.1748,0.22210295767067523
0.1749,0.2804884836676798
0.17500000000000002,0.25469722765309266
0.1751,0.2599598799285001
0.1752,0.3002588925371157
0.1753,0.28364813165331487
0.1754,0.24712575589147148
0.17550000000000002,0.2729131285703765
0.1756,0.2587777772563102
0.1757,0.23362601293598712
0.1758,0.23191873997269277
0.1759,0.2889978266904367
0.17600000000000002,0.26662244652822004
0.1761,0.26120763300221256
0.1762,0.27098785208603804
0.1763,0.22264479354963856
0.1764,0.28976701897412466
0.17650000000000002,0.2647279110897969
0.1766,0.26928066038518206
0.1767,0.23408204450947181
0.1768,0.27807697972910383
0.1769,0.27004692161565014
0.17700000000000002,0.24281531598725054
0.1771,0.2495552766188495
0.1772,0.29356893569441755
0.1773,0.2851731311185614
0.1774,0.25075200916773355
0.17750000000000002,0.271760441438518
0.1776,0.27847715555744185
0.1777,0.25702911109158544
0.1778,0.2624892306661088
0.1779,0.2671231604081485
0.17800000000000002,0.2843102685666743
0.1781,0.2850059879538803
0.1782,0.25121688378686746
0.17830000000000001,0.2781670625031684
0.1784,0.2721639839041579
0.17850000000000002,0.25437540961267846
0.1786,0.27379539898934435
0.1787,0.27067556535830706
0.17880000000000001,0.2743031548892175
0.1789,0.26434916720964435
0.17900000000000002,0.27208119572027883
0.1791,0.2627865112172687
0.1792,0.2856708318480633
0.17930000000000001,0.25393472313130355
0.1794,0.2820397263802626
0.17950000000000002,0.2814530845649571
0.1796,0.27023414208868646
0.1797,0.2750916445726662
0.17980000000000002,0.30665733444370524
0.1799,0.21636482202584462
0.18000000000000002,0.314948644637895
0.1801,0.2891992801536685
0.1802,0.3191711427390234
0.18030000000000002,0.24650704288424508
0.1804,0.26736093764965163
0.18050000000000002,0.25764918912303963
0.1806,0.2775183290208201
0.1807,0.26673233487025333
0.18080000000000002,0.2645697699221386
0.1809,0.316145682097624
0.18100000000000002,0.2807251395411532
0.1811,0.27388640261872393
0.1812,0.27501683750748834
0.18130000000000002,0.23616239223249222
0.1814,0.2910790955439933
0.18150000000000002,0.27092930198160103
0.1816,0.28395258426941034
0.1817,0.2615992430609598
0.18180000000000002,0.2852542395044675
0.1819,0.30963191546549795
0.182,0.261110719601304
0.1821,0.2462851971723814
0.1822,0.2751261543109487
0.18230000000000002,0.2604777235624491
0.1824,0.2857587905140434
0.1825,0.28600499747089725
0.1826,0.28029202127299135
0.1827,0.2523578061129739
0.18280000000000002,0.2904410540833971
0.1829,0.31152582615215296
0.183,0.27100987069465615
0.1831,0.26007375817524847
0.1832,0.2862972592307557
0.18330000000000002,0.2598833984300367
0.1834,0.28514678563361273
0.1835,0.2844011871165467
0.1836,0.25917762769156394
0.1837,0.30883873895371133
0.18380000000000002,0.2619105233898882
0.1839,0.29657746061308893
0.184,0.28269874361778
0.1841,0.2766934615843999
0.1842,0.26886390109998576
0.18430000000000002,0.28015166476019815
0.1844,0.2590908666290552
0.1845,0.3124461702728343
0.18460000000000001,0.31524427603200195
0.1847,0.258711654012472
0.18480000000000002,0.3099050856304654
0.1849,0.31689891350363747
0.185,0.2940007390402166
0.18510000000000001,0.27890644931743935
0.1852,0.30618152806516047
0.18530000000000002,0.2825210631000941
0.1854,0.28297810989855854
0.1855,0.23785865772752285
0.18560000000000001,0.2735592753429236
0.1857,0.24286025313725002
0.18580000000000002,0.2772381049194948
0.1859,0.24642495226597733
0.186,0.31046367873774466
0.18610000000000002,0.285614870035351
0.1862,0.29922459360146936
0.18630000000000002,0.26885446881271313
0.1864,0.2626218059757791
0.1865,0.29627484101829493
0.18660000000000002,0.281277950798656
0.1867,0.2454521682125214
0.18680000000000002,0.2759533926023569
0.1869,0.3049996934904731
0.187,0.27552836128989255
0.18710000000000002,0.2869416760258782
0.1872,0.286225802412657
0.18730000000000002,0.28487971866990547
0.1874,0.3162745099761208
0.1875,0.2609683380176403
0.18760000000000002,0.30437475601671277
0.1877,0.2705630866630404
0.18780000000000002,0.21913683543753082
0.1879,0.2893960868109347
0.188,0.315661016907319
0.18810000000000002,0.2855029974327745
0.1882,0.28879539796607345
0.1883,0.2974704406056314
0.1884,0.2693556616723263
0.1885,0.31128884598828516
0.18860000000000002,0.2653581809561294
0.1887,0.2930145395510652
0.1888,0.2955613966076767
0.1889,0.28960283774098317
0.189,0.2944450255067471
0.18910000000000002,0.22188700034322167
0.1892,0.28148433711860676
0.1893,0.28156410918935115
0.1894,0.26701466462056545
0.1895,0.2788102874830998
0.18960000000000002,0.2747663581525828
0.1897,0.30363730253893717
0.1898,0.28590155430894765
0.1899,0.2721399423435192
0.19,0.3044499733883471
0.19010000000000002,0.28252688591330244
0.1902,0.2824640186215926
0.1903,0.3078797675409675
0.1904,0.2577968143858513
0.1905,0.28239330474767727
0.19060000000000002,0.29583196169297943
0.1907,0.2774158981225845
0.1908,0.26971632346755514
0.19090000000000001,0.25681614606648534
0.191,0.2762116976240455
0.19110000000000002,0.2998748947279651
0.1912,0.24683579617670942
0.1913,0.30041381547720214
0.19140000000000001,0.2981153988321384
0.1915,0.29417226460703766
0.19160000000000002,0.29406359587843606
0.1917,0.28736513472983466
0.1918,0.2881217024906711
0.19190000000000002,0.28881268108785413
0.192,0.3042434198726934
0.19210000000000002,0.28564584707511126
0.1922,0.2707317718702446
0.1923,0.2678889025218759
0.19240000000000002,0.29856492348367974
0.1925,0.2931957207622365
0.19260000000000002,0.30012263116928767
0.1927,0.2796385282174009
0.1928,0.3051058352973477
0.19290000000000002,0.24153867511115573
0.193,0.277241444776358
0.19310000000000002,0.2853766147074374
0.1932,0.2639011814127901
0.1933,0.2935018565648563
0.19340000000000002,0.27285733956734187
0.1935,0.27385238522930233
0.19360000000000002,0.30649168477154676
0.1937,0.27209017552076414
0.1938,0.29144021776725154
0.19390000000000002,0.305680111787014
0.194,0.2899463793247224
0.19410000000000002,0.2962127956863892
0.1942,0.3334289423628376
0.1943,0.33403018771098975
0.19440000000000002,0.26558213154415367
0.1945,0.3273012916395646
0.19460000000000002,0.2711713104660724
0.1947,0.31442358843904783
0.1948,0.29541565182865437
0.19490000000000002,0.29738660031158853
0.195,0.27171045641324143
0.1951,0.2822525742464345
0.1952,0.3095872849302224
0.1953,0.28179032834922146
0.19540000000000002,0.27687500211423
0.1955,0.3063125104288828
0.1956,0.28472640219511886
0.1957,0.3212348578877675
0.1958,0.3041363580878215
0.19590000000000002,0.2660953745552899
0.196,0.30186635927579214
0.1961,0.2961342933732356
0.1962,0.28736574258507286
0.1963,0.3172359015890165
0.19640000000000002,0.2826135548797345
0.1965,0.3317900094047372
0.1966,0.2620372299151329
0.1967,0.3321888206282861
0.1968,0.2900606438146199
0.19690000000000002,0.3369161688201526
0.197,0.2968163390102473
0.1971,0.2933353635578893
0.19720000000000001,0.3045107680890032
0.1973,0.2893885853801735
0.19740000000000002,0.3338290592397385
0.1975,0.3067338771941712
0.1976,0.26895640650695823
0.19770000000000001,0.30169650140681525
0.1978,0.3187702441131894
0.19790000000000002,0.2776563556415993
0.198,0.30611251376116044
0.1981,0.3075740409882677
0.19820000000000002,0.28965046746082207
0.1983,0.2929343095779747
0.19840000000000002,0.2881091621243504
0.1985,0.27866386158890555
0.1986,0.266585773598229
0.19870000000000002,0.29974543006562604
0.1988,0.3444459840515639
0.19890000000000002,0.29527275238790573
0.199,0.3052422084040368
0.1991,0.31238131973615524
0.19920000000000002,0.29225973980650044
0.1993,0.30055393787953394
0.19940000000000002,0.2920509368618907
0.1995,0.3160622648531145
0.1996,0.3242766873177292
0.19970000000000002,0.2745854205846767
0.1998,0.30327460870751627
0.19990000000000002,0.3224376837919886
